Number1,Number2,Division
121,9,13.444444444444445
101,12,8.416666666666666
282,14,20.142857142857142
324,21,15.428571428571429
482,34,14.176470588235293
642,23,27.91304347826087
164,19,8.631578947368421
683,22,31.045454545454547
113,11,10.272727272727273
